[
  {
    "provincia": "San José",
    "cantones": [
      {
        "canton": "San José",
        "distritos": [
          "Carmen",
          "Merced",
          "Hospital",
          "Catedral",
          "Zapote",
          "San Francisco de Dos Ríos",
          "Uruca",
          "Mata Redonda",
          "Pavas",
          "Hatillo",
          "San Sebastián"
        ]
      },
      {
        "canton": "Escazú",
        "distritos": ["Escazú", "San Antonio", "San Rafael"]
      },
      {
        "canton": "Desamparados",
        "distritos": [
          "Desamparados",
          "San Miguel",
          "San Juan de Dios",
          "San Rafael Arriba",
          "San Antonio",
          "Frailes",
          "Patarrá",
          "San Cristóbal",
          "Rosario",
          "Damas",
          "San Rafael Abajo",
          "Gravilias",
          "Los Guido"
        ]
      },
      {
        "canton": "Puriscal",
        "distritos": [
          "Santiago",
          "Mercedes Sur",
          "Barbacoas",
          "Grifo Alto",
          "San Rafael",
          "Candelarita",
          "Desamparaditos",
          "San Antonio",
          "Chires"
        ]
      },
      {
        "canton": "Tarrazú",
        "distritos": ["San Marcos", "San Lorenzo", "San Carlos"]
      },
      {
        "canton": "Aserrí",
        "distritos": [
          "Aserrí",
          "Tarbaca",
          "Vuelta de Jorco",
          "San Gabriel",
          "Legua",
          "Monterrey",
          "Salitrillos"
        ]
      },
      {
        "canton": "Mora",
        "distritos": ["Colón", "Guayabo", "Tabarcia", "Piedras Negras", "Picagres"]
      },
      {
        "canton": "Goicoechea",
        "distritos": [
          "Guadalupe",
          "San Francisco",
          "Calle Blancos",
          "Mata de Plátano",
          "Ipís",
          "Rancho Redondo",
          "Purral"
        ]
      },
      {
        "canton": "Santa Ana",
        "distritos": [
          "Santa Ana",
          "Salitral",
          "Pozos",
          "Uruca",
          "Piedades",
          "Brasil"
        ]
      },
      {
        "canton": "Alajuelita",
        "distritos": ["Alajuelita", "San Josecito", "San Antonio", "Concepción", "San Felipe"]
      },
      {
        "canton": "Vázquez de Coronado",
        "distritos": ["San Isidro", "San Rafael", "Dulce Nombre de Jesús", "Patalillo", "Cascajal"]
      },
      {
        "canton": "Acosta",
        "distritos": ["San Ignacio", "Guaitil", "Palmichal", "Cangrejal", "Sabanillas"]
      },
      {
        "canton": "Tibás",
        "distritos": ["San Juan", "Cinco Esquinas", "Anselmo Llorente", "León XIII", "Colima"]
      },
      {
        "canton": "Moravia",
        "distritos": ["San Vicente", "San Jerónimo", "La Trinidad"]
      },
      {
        "canton": "Montes de Oca",
        "distritos": ["San Pedro", "Sabanilla", "Mercedes", "San Rafael"]
      },
      {
        "canton": "Turrubares",
        "distritos": ["San Pablo", "San Pedro", "San Juan de Mata", "San Luis", "Carara"]
      },
      {
        "canton": "Dota",
        "distritos": ["Santa María", "Jardín", "Copey"]
      },
      {
        "canton": "Curridabat",
        "distritos": ["Curridabat", "Granadilla", "Sánchez", "Tirrases"]
      },
      {
        "canton": "Pérez Zeledón",
        "distritos": [
          "San Isidro de El General",
          "El General",
          "Daniel Flores",
          "Rivas",
          "San Pedro",
          "Platanares",
          "Pejibaye",
          "Cajón",
          "Barú",
          "Río Nuevo",
          "Páramo",
          "La Amistad"
        ]
      },
      {
        "canton": "León Cortés Castro",
        "distritos": ["San Pablo", "San Andrés", "Llano Bonito", "San Isidro", "Santa Cruz", "San Antonio"]
      }
    ]
  },
  {
    "provincia": "Alajuela",
    "cantones": [
      {
        "canton": "Alajuela",
        "distritos": [
          "Alajuela",
          "San José",
          "Carrizal",
          "San Antonio",
          "Guácima",
          "San Isidro",
          "Sabanilla",
          "San Rafael",
          "Río Segundo",
          "Desamparados",
          "Turrúcares",
          "Tambor",
          "Garita",
          "Sarapiquí"
        ]
      },
      {
        "canton": "San Ramón",
        "distritos": [
          "San Ramón",
          "Santiago",
          "San Juan",
          "Piedades Norte",
          "Piedades Sur",
          "San Rafael",
          "San Isidro",
          "Ángeles",
          "Alfaro",
          "Volio",
          "Concepción",
          "Zapotal",
          "Peñas Blancas",
          "San Lorenzo"
        ]
      },
      {
        "canton": "Grecia",
        "distritos": [
          "Grecia",
          "San Isidro",
          "San José",
          "San Roque",
          "Tacares",
          "Puente de Piedra",
          "Bolívar"
        ]
      },
      {
        "canton": "San Mateo",
        "distritos": ["San Mateo", "Desmonte", "Jesús María", "Labrador"]
      },
      {
        "canton": "Atenas",
        "distritos": [
          "Atenas",
          "Jesús",
          "Mercedes",
          "San Isidro",
          "Concepción",
          "San José",
          "Santa Eulalia",
          "Escobal"
        ]
      },
      {
        "canton": "Naranjo",
        "distritos": [
          "Naranjo",
          "San Miguel",
          "San José",
          "Cirrí Sur",
          "San Jerónimo",
          "San Juan",
          "Rosario",
          "Palmitos"
        ]
      },
      {
        "canton": "Palmares",
        "distritos": [
          "Palmares",
          "Zaragoza",
          "Buenos Aires",
          "Santiago",
          "Candelaria",
          "Esquipulas",
          "La Granja"
        ]
      },
      {
        "canton": "Poás",
        "distritos": ["San Pedro", "San Juan", "San Rafael", "Carrillos", "Sabana Redonda"]
      },
      {
        "canton": "Orotina",
        "distritos": [
          "Orotina",
          "El Mastate",
          "Hacienda Vieja",
          "Coyolar",
          "La Ceiba"
        ]
      },
      {
        "canton": "San Carlos",
        "distritos": [
          "Quesada",
          "Florencia",
          "Buenavista",
          "Aguas Zarcas",
          "Venecia",
          "Pital",
          "La Fortuna",
          "La Tigra",
          "La Palmera",
          "Venado",
          "Cutris",
          "Monterrey",
          "Pocosol"
        ]
      },
      {
        "canton": "Zarcero",
        "distritos": [
          "Zarcero",
          "Laguna",
          "Tapesco",
          "Guadalupe",
          "Palmira",
          "Zapote",
          "Brisas"
        ]
      },
      {
        "canton": "Sarchí",
        "distritos": ["Sarchí Norte", "Sarchí Sur", "Toro Amarillo", "San Pedro", "Rodríguez"]
      },
      {
        "canton": "Upala",
        "distritos": [
          "Upala",
          "Aguas Claras",
          "San José",
          "Bijagua",
          "Delicias",
          "Dos Ríos",
          "Yolillal",
          "Canalete"
        ]
      },
      {
        "canton": "Los Chiles",
        "distritos": ["Los Chiles", "Caño Negro", "El Amparo", "San Jorge"]
      },
      {
        "canton": "Guatuso",
        "distritos": ["San Rafael", "Buenavista", "Cote", "Katira"]
      },
      {
        "canton": "Río Cuarto",
        "distritos": ["Río Cuarto", "Santa Rita", "Santa Isabel"]
      }
    ]
  },
  {
    "provincia": "Cartago",
    "cantones": [
      {
        "canton": "Cartago",
        "distritos": [
          "Oriental",
          "Occidental",
          "Carmen",
          "San Nicolás",
          "Aguacaliente",
          "Guadalupe",
          "Corralillo",
          "Tierra Blanca",
          "Dulce Nombre",
          "Llano Grande",
          "Quebradilla"
        ]
      },
      {
        "canton": "Paraíso",
        "distritos": ["Paraíso", "Santiago", "Orosi", "Cachí", "Llanos de Santa Lucía"]
      },
      {
        "canton": "La Unión",
        "distritos": [
          "Tres Ríos",
          "San Diego",
          "San Juan",
          "San Rafael",
          "Concepción",
          "Dulce Nombre",
          "San Ramón",
          "Río Azul"
        ]
      },
      {
        "canton": "Jiménez",
        "distritos": ["Juan Viñas", "Tucurrique", "Pejibaye"]
      },
      {
        "canton": "Turrialba",
        "distritos": [
          "Turrialba",
          "La Suiza",
          "Peralta",
          "Santa Cruz",
          "Santa Teresita",
          "Pavones",
          "Tuis",
          "Tayutic",
          "Santa Rosa",
          "Tres Equis",
          "La Isabel",
          "Chirripó"
        ]
      },
      {
        "canton": "Alvarado",
        "distritos": ["Pacayas", "Cervantes", "Capellades"]
      },
      {
        "canton": "Oreamuno",
        "distritos": ["San Rafael", "Cot", "Potrero Cerrado", "Cipreses", "Santa Rosa"]
      },
      {
        "canton": "El Guarco",
        "distritos": ["El Tejar", "San Isidro", "Tobosi", "Patio de Agua"]
      }
    ]
  },
  {
    "provincia": "Heredia",
    "cantones": [
      {
        "canton": "Heredia",
        "distritos": [
          "Heredia",
          "Mercedes",
          "San Francisco",
          "Ulloa",
          "Varablanca"
        ]
      },
      {
        "canton": "Barva",
        "distritos": [
          "Barva",
          "San Pedro",
          "San Pablo",
          "San Roque",
          "Santa Lucía",
          "San José de la Montaña"
        ]
      },
      {
        "canton": "Santo Domingo",
        "distritos": [
          "Santo Domingo",
          "San Vicente",
          "San Miguel",
          "Paracito",
          "Santo Tomás",
          "Santa Rosa",
          "Tures",
          "Pará"
        ]
      },
      {
        "canton": "Santa Bárbara",
        "distritos": [
          "Santa Bárbara",
          "San Pedro",
          "San Juan",
          "Jesús",
          "Santo Domingo",
          "Purabá"
        ]
      },
      {
        "canton": "San Rafael",
        "distritos": [
          "San Rafael",
          "San Josecito",
          "Santiago",
          "Ángeles",
          "Concepción"
        ]
      },
      {
        "canton": "San Isidro",
        "distritos": ["San Isidro", "San José", "Concepción", "San Francisco"]
      },
      {
        "canton": "Belén",
        "distritos": ["San Antonio", "La Ribera", "La Asunción"]
      },
      {
        "canton": "Flores",
        "distritos": ["San Joaquín", "Barrantes", "Llorente"]
      },
      {
        "canton": "San Pablo",
        "distritos": ["San Pablo", "Rincón de Sabanilla"]
      },
      {
        "canton": "Sarapiquí",
        "distritos": [
          "Puerto Viejo",
          "La Virgen",
          "Las Horquetas",
          "Llanuras del Gaspar",
          "Cureña"
        ]
      }
    ]
  },
  {
    "provincia": "Guanacaste",
    "cantones": [
      {
        "canton": "Liberia",
        "distritos": ["Liberia", "Cañas Dulces", "Mayorga", "Nacascolo", "Curubandé"]
      },
      {
        "canton": "Nicoya",
        "distritos": [
          "Nicoya",
          "Mansión",
          "San Antonio",
          "Quebrada Honda",
          "Sámara",
          "Nosara",
          "Belén de Nosarita"
        ]
      },
      {
        "canton": "Santa Cruz",
        "distritos": [
          "Santa Cruz",
          "Bolsón",
          "Veintisiete de Abril",
          "Tempate",
          "Cartagena",
          "Cuajiniquil",
          "Diriá",
          "Cabo Velas",
          "Tamarindo"
        ]
      },
      {
        "canton": "Bagaces",
        "distritos": ["Bagaces", "La Fortuna", "Mogote", "Río Naranjo"]
      },
      {
        "canton": "Carrillo",
        "distritos": ["Filadelfia", "Palmira", "Sardinal", "Belén"]
      },
      {
        "canton": "Cañas",
        "distritos": ["Cañas", "Palmira", "San Miguel", "Bebedero", "Porozal"]
      },
      {
        "canton": "Abangares",
        "distritos": ["Las Juntas", "Sierra", "San Juan", "Colorado"]
      },
      {
        "canton": "Tilarán",
        "distritos": [
          "Tilarán",
          "Quebrada Grande",
          "Tronadora",
          "Santa Rosa",
          "Líbano",
          "Tierras Morenas",
          "Arenal",
          "Cabeceras"
        ]
      },
      {
        "canton": "Nandayure",
        "distritos": [
          "Carmona",
          "Santa Rita",
          "Zapotal",
          "San Pablo",
          "Porvenir",
          "Bejuco"
        ]
      },
      {
        "canton": "La Cruz",
        "distritos": ["La Cruz", "Santa Cecilia", "La Garita", "Santa Elena"]
      },
      {
        "canton": "Hojancha",
        "distritos": ["Hojancha", "Monte Romo", "Puerto Carrillo", "Huacas", "Matambú"]
      }
    ]
  },
  {
    "provincia": "Puntarenas",
    "cantones": [
      {
        "canton": "Puntarenas",
        "distritos": [
          "Puntarenas",
          "Pitahaya",
          "Chomes",
          "Lepanto",
          "Paquera",
          "Manzanillo",
          "Guacimal",
          "Barranca",
          "Monte Verde",
          "Isla del Coco",
          "Cóbano",
          "Chacarita",
          "Chira",
          "Acapulco",
          "El Roble",
          "Arancibia"
        ]
      },
      {
        "canton": "Esparza",
        "distritos": ["Espíritu Santo", "San Juan Grande", "Macacona", "San Rafael", "San Jerónimo", "Caldera"]
      },
      {
        "canton": "Buenos Aires",
        "distritos": [
          "Buenos Aires",
          "Volcán",
          "Potrero Grande",
          "Boruca",
          "Pilas",
          "Colinas",
          "Chánguena",
          "Biolley",
          "Brunka"
        ]
      },
      {
        "canton": "Montes de Oro",
        "distritos": ["Miramar", "La Unión", "San Isidro"]
      },
      {
        "canton": "Osa",
        "distritos": ["Puerto Cortés", "Palmar", "Sierpe", "Bahía Ballena", "Piedras Blancas", "Bahía Drake"]
      },
      {
        "canton": "Quepos",
        "distritos": ["Quepos", "Savegre", "Naranjito"]
      },
      {
        "canton": "Golfito",
        "distritos": ["Golfito", "Puerto Jiménez", "Guaycará", "Pavón"]
      },
      {
        "canton": "Coto Brus",
        "distritos": ["San Vito", "Sabalito", "Aguabuena", "Limoncito", "Pittier", "Gutiérrez Braun"]
      },
      {
        "canton": "Parrita",
        "distritos": ["Parrita"]
      },
      {
        "canton": "Corredores",
        "distritos": ["Corredor", "La Cuesta", "Canoas", "Laurel"]
      },
      {
        "canton": "Garabito",
        "distritos": ["Jacó", "Tárcoles", "Lagunillas"]
      },
      {
        "canton": "Monteverde",
        "distritos": ["Monteverde"]
      },
      {
        "canton": "Puerto Jiménez",
        "distritos": ["Puerto Jiménez"]
      }
    ]
  },
  {
    "provincia": "Limón",
    "cantones": [
      {
        "canton": "Limón",
        "distritos": ["Limón", "Valle La Estrella", "Río Blanco", "Matama"]
      },
      {
        "canton": "Pococí",
        "distritos": [
          "Guápiles",
          "Jiménez",
          "Rita",
          "Roxana",
          "Cariari",
          "Colorado",
          "La Colonia"
        ]
      },
      {
        "canton": "Siquirres",
        "distritos": [
          "Siquirres",
          "Pacuarito",
          "Florida",
          "Germania",
          "El Cairo",
          "Alegría",
          "Reventazón"
        ]
      },
      {
        "canton": "Talamanca",
        "distritos": ["Bratsi", "Sixaola", "Cahuita", "Telire"]
      },
      {
        "canton": "Matina",
        "distritos": ["Matina", "Batán", "Carrandi"]
      },
      {
        "canton": "Guácimo",
        "distritos": ["Guácimo", "Mercedes", "Pocora", "Río Jiménez", "Duacarí"]
      }
    ]
  }
]